run0,1_model,2_mean,3_std,run1,run2,run3,run4
0.6467391304347826,AudioNTT2020-BYOLA-64x96d2048,0.6467391304347826,0.0,,,,
0.657608695652174,AudioNTT2020-BYOLA-64x96d2048,0.6652173913043479,0.02295512182819877,0.6956521739130435,0.6847826086956522,0.6304347826086957,0.657608695652174
